entrez_gene_id	hugo_symbol	grch37_isoform	grch37_ref_seq	grch38_isoform	grch38_ref_seq
-2	Other Biomarkers				
25	ABL1	ENST00000318560	NM_005157.4	ENST00000318560	NM_005157.4
27	ABL2	ENST00000502732	NM_007314.3	ENST00000502732	NM_007314.3
71	ACTG1	ENST00000331925	NM_001199954.1	ENST00000573283	NM_001199954.1
90	ACVR1	ENST00000263640	NM_001111067.2	ENST00000263640	NM_001111067.2
91	ACVR1B	ENST00000257963	NM_004302	ENST00000257963	NM_004302
142	PARP1	ENST00000366794	NM_001618.3	ENST00000366794	NM_001618.3
187	APLNR	ENST00000257254	NM_005161.4	ENST00000257254	NM_005161.4
207	AKT1	ENST00000349310	NM_001014431.1	ENST00000349310	NM_001014431.1
208	AKT2	ENST00000392038	NM_001626.4	ENST00000392038	NM_001626.4
213	ALB	ENST00000295897	NM_000477.5	ENST00000295897	NM_000477.5
217	ALDH2	ENST00000261733	NM_000690	ENST00000261733	NM_000690
238	ALK	ENST00000389048	NM_004304.4	ENST00000389048	NM_004304.4
242	ALOX12B	ENST00000319144	NM_001139.2	ENST00000647874	NM_001139.2
324	APC	ENST00000257430	NM_000038.5	ENST00000257430	NM_000038.5
330	BIRC3	ENST00000263464	NM_182962.2	ENST00000263464	NM_182962.2
331	XIAP	ENST00000355640	NM_001167.3	ENST00000355640	NM_001167.3
355	FAS	ENST00000355740	NM_000043.4	ENST00000652046	NM_000043.6
367	AR	ENST00000374690	NM_000044.3	ENST00000374690	NM_000044.3
369	ARAF	ENST00000377045	NM_001654.4	ENST00000377045	NM_001654.4
387	RHOA	ENST00000418115	NM_001664.2	ENST00000418115	NM_001664.2
463	ZFHX3	ENST00000268489	NM_006885.3	ENST00000268489	NM_006885.3
466	ATF1	ENST00000262053	NM_005171.4	ENST00000262053	NM_005171.4
472	ATM	ENST00000278616	NM_000051.3	ENST00000278616	NM_000051.3
476	ATP1A1	ENST00000295598	NM_000701	ENST00000295598	NM_000701
526	ATP6V1B2	ENST00000276390	NM_001693.3	ENST00000276390	NM_001693.3
537	ATP6AP1	ENST00000369762	NM_001183.5	ENST00000369762	NM_001183.5
545	ATR	ENST00000350721	NM_001184.3	ENST00000350721	NM_001184.3
546	ATRX	ENST00000373344	NM_000489.3	ENST00000373344	NM_000489.3
558	AXL	ENST00000301178	NM_021913.4	ENST00000301178	NM_021913.4
567	B2M	ENST00000558401	NM_004048.2	ENST00000559916	NM_004048.2
580	BARD1	ENST00000260947	NM_000465.2	ENST00000260947	NM_000465.2
595	CCND1	ENST00000227507	NM_053056.2	ENST00000227507	NM_053056.2
596	BCL2	ENST00000333681	NM_000633.2	ENST00000333681	NM_000633.2
598	BCL2L1	ENST00000307677	NM_138578.1	ENST00000307677	NM_138578.1
602	BCL3	ENST00000164227	NM_005178	ENST00000164227	NM_005178
604	BCL6	ENST00000232014	NM_001706.4	ENST00000232014	NM_001706.4
605	BCL7A	ENST00000261822	NM_001024808	ENST00000261822	NM_001024808
607	BCL9	ENST00000234739	NM_004326.3	ENST00000234739	NM_004326.3
613	BCR	ENST00000305877	NM_004327.3	ENST00000305877	NM_004327.3
639	PRDM1	ENST00000369096	NM_001198.3	ENST00000369096	NM_001198.3
641	BLM	ENST00000355112	NM_000057.2	ENST00000355112	NM_000057.2
657	BMPR1A	ENST00000372037	NM_004329.2	ENST00000372037	NM_004329.2
668	FOXL2	ENST00000330315	NM_023067.3	ENST00000648323	NM_023067.3
672	BRCA1	ENST00000357654	NM_007294.3	ENST00000357654	NM_007294.3
673	BRAF	ENST00000288602	NM_004333.4	ENST00000646891	NM_004333.4
675	BRCA2	ENST00000380152	NM_000059.3	ENST00000380152	NM_000059.3
677	ZFP36L1	ENST00000336440	NM_001244698.1	ENST00000336440	NM_001244698.1
678	ZFP36L2	ENST00000282388	NM_006887.4	ENST00000282388	NM_006887.4
688	KLF5	ENST00000377687	NM_001730.4	ENST00000377687	NM_001730.4
694	BTG1	ENST00000256015	NM_001731.2	ENST00000256015	NM_001731.2
695	BTK	ENST00000308731	NM_000061.2	ENST00000308731	NM_000061.2
776	CACNA1D	ENST00000350061	NM_001128840	ENST00000350061	NM_001128840
790	CAD	ENST00000264705	NM_001306079	ENST00000264705	NM_001306079
811	CALR	ENST00000316448	NM_004343.3	ENST00000316448	NM_004343.3
841	CASP8	ENST00000358485	NM_001080125.1	ENST00000358485	NM_001080125.1
861	RUNX1	ENST00000300305	NM_001754.4	ENST00000300305	NM_001754.4
862	RUNX1T1	ENST00000265814	NM_001198626.1	ENST00000265814	NM_001198626.1
863	CBFA2T3	ENST00000268679	NM_005187	ENST00000268679	NM_005187
865	CBFB	ENST00000412916	NM_022845.2	ENST00000412916	NM_022845.2
867	CBL	ENST00000264033	NM_005188.3	ENST00000264033	NM_005188.3
894	CCND2	ENST00000261254	NM_001759.3	ENST00000261254	NM_001759.3
896	CCND3	ENST00000372991	NM_001760.3	ENST00000372991	NM_001760.3
898	CCNE1	ENST00000262643	NM_001238.2	ENST00000262643	NM_001238.2
930	CD19	ENST00000324662	NM_001770	ENST00000538922	NM_001770
931	MS4A1	ENST00000345732	NM_021950	ENST00000345732	NM_021950
933	CD22	ENST00000085219	NM_001771	ENST00000085219	NM_001771
940	CD28	ENST00000324106	NM_006139.3	ENST00000324106	NM_006139.3
965	CD58	ENST00000369489	NM_001779.2	ENST00000369489	NM_001779.2
972	CD74	ENST00000009530	NM_001025159	ENST00000009530	NM_001025159
973	CD79A	ENST00000221972	NM_001783.3	ENST00000221972	NM_001783.3
974	CD79B	ENST00000392795	NM_001039933.1	ENST00000392795	NM_001039933.1
998	CDC42	ENST00000344548	NM_001791.3	ENST00000344548	NM_001791.3
999	CDH1	ENST00000261769	NM_004360.3	ENST00000261769	NM_004360.3
1000	CDH2	ENST00000269141	NM_001792	ENST00000269141	NM_001792
1002	CDH4	""	""	""	""
1009	CDH11	ENST00000268603	NM_001797	ENST00000268603	NM_001797
1019	CDK4	ENST00000257904	NM_000075.3	ENST00000257904	NM_000075.3
1021	CDK6	ENST00000265734	NM_001145306.1	ENST00000265734	NM_001145306.1
1024	CDK8	ENST00000381527	NM_001260.1	ENST00000381527	NM_001260.1
1026	CDKN1A	ENST00000244741	NM_078467.2	ENST00000244741	NM_078467.2
1027	CDKN1B	ENST00000228872	NM_004064.3	ENST00000228872	NM_004064.3
1029	CDKN2A	ENST00000304494	NM_000077.4	ENST00000304494	NM_000077.4
1030	CDKN2B	ENST00000276925	NM_004936.3	ENST00000276925	NM_004936.3
1031	CDKN2C	ENST00000262662	NM_078626.2	ENST00000262662	NM_078626.2
1050	CEBPA	ENST00000498907	NM_004364.3	ENST00000498907	NM_004364.3
1058	CENPA	ENST00000335756	NM_001809.3	ENST00000335756	NM_001809.3
1106	CHD2	ENST00000394196	NM_001271	ENST00000394196	NM_001271
1108	CHD4	ENST00000357008	NM_001273	ENST00000544040	NM_001273
1111	CHEK1	ENST00000428830	NM_001274.5	ENST00000428830	NM_001274.5
1277	COL1A1	ENST00000225964	NM_000088	ENST00000225964	NM_000088
1280	COL2A1	ENST00000380518	NM_001844	ENST00000380518	NM_001844
1385	CREB1	ENST00000432329	NM_134442.3	ENST00000432329	NM_134442.3
1387	CREBBP	ENST00000262367	NM_004380.2	ENST00000262367	NM_004380.2
1399	CRKL	ENST00000354336	NM_005207.3	ENST00000354336	NM_005207.3
1436	CSF1R	ENST00000286301	NM_005211.3	ENST00000286301	NM_005211.3
1441	CSF3R	ENST00000361632	NM_000760.3	ENST00000361632	NM_000760.3
1493	CTLA4	ENST00000302823	NM_005214.4	ENST00000648405	NM_005214.4
1499	CTNNB1	ENST00000349496	NM_001904.3	ENST00000349496	NM_001904.3
1523	CUX1	ENST00000292535	NM_181552.3	ENST00000292535	NM_181552.3
1540	CYLD	ENST00000398568	NM_001042355.1	ENST00000398568	NM_001042355.1
1588	CYP19A1	ENST00000260433	NM_000103.3	ENST00000396402	NM_000103.4
1616	DAXX	ENST00000374542	NM_001141970.1	ENST00000266000	NM_001141970.1
1649	DDIT3	ENST00000346473	NM_001195057.1	ENST00000346473	NM_001195057.1
1654	DDX3X	ENST00000399959	NM_001356.4	ENST00000478993	NM_001356.4
1655	DDX5	ENST00000225792	NM_004396	ENST00000225792	NM_004396
1785	DNM2	ENST00000355667	NM_001005360	ENST00000355667	NM_001005360
1786	DNMT1	ENST00000340748	NM_001379.2	ENST00000340748	NM_001379.2
1788	DNMT3A	ENST00000264709	NM_022552.4	ENST00000264709	NM_022552.4
1789	DNMT3B	ENST00000328111	NM_006892.3	ENST00000328111	NM_006892.3
1806	DPYD	ENST00000370192	NM_000110	ENST00000370192	NM_000110
1820	ARID3A	ENST00000263620	NM_005224.2	ENST00000263620	NM_005224.2
1840	DTX1	ENST00000257600	NM_004416.2	ENST00000257600	NM_004416.2
1846	DUSP4	ENST00000240100	NM_001394.6	ENST00000240100	NM_001394.6
1871	E2F3	ENST00000346618	NM_001949.4	ENST00000346618	NM_001949.4
1879	EBF1	ENST00000313708	NM_024007	ENST00000313708	NM_024007
1956	EGFR	ENST00000275493	NM_005228.3	ENST00000275493	NM_005228.3
1958	EGR1	ENST00000239938	NM_001964.2	ENST00000239938	NM_001964.2
1964	EIF1AX	ENST00000379607	NM_001412.3	ENST00000379607	NM_001412.3
1967	EIF2B1	ENST00000424014	NM_001414	ENST00000424014	NM_001414
1974	EIF4A2	ENST00000323963	NM_001967.3	ENST00000323963	NM_001967.3
1977	EIF4E	ENST00000280892	NM_001130678.1	ENST00000280892	NM_001130678.1
1999	ELF3	ENST00000359651	NM_004433.4	ENST00000359651	NM_004433.4
2033	EP300	ENST00000263253	NM_001429.3	ENST00000263253	NM_001429.3
2034	EPAS1	ENST00000263734	NM_001430.4	ENST00000263734	NM_001430.4
2042	EPHA3	ENST00000336596	NM_005233.5	ENST00000336596	NM_005233.5
2044	EPHA5	ENST00000273854	NM_004439.5	ENST00000273854	NM_004439.5
2045	EPHA7	ENST00000369303	NM_004440.3	ENST00000369303	NM_004440.3
2047	EPHB1	ENST00000398015	NM_004441.4	ENST00000398015	NM_004441.4
2057	EPOR	ENST00000222139	NM_000121.3	ENST00000222139	NM_000121.3
2064	ERBB2	ENST00000269571	NM_004448.2	ENST00000269571	NM_004448.2
2065	ERBB3	ENST00000267101	NM_001982.3	ENST00000267101	NM_001982.3
2066	ERBB4	ENST00000342788	NM_005235.2	ENST00000342788	NM_005235.2
2068	ERCC2	ENST00000391945	NM_000400.3	ENST00000391945	NM_000400.3
2071	ERCC3	ENST00000285398	NM_000122.1	ENST00000285398	NM_000122.1
2072	ERCC4	ENST00000311895	NM_005236.2	ENST00000311895	NM_005236.2
2073	ERCC5	ENST00000355739	NM_000123.3	ENST00000652225	NM_000123.4
2077	ERF	ENST00000222329	NM_006494.2	ENST00000222329	NM_006494.2
2078	ERG	ENST00000288319	NM_182918.3	ENST00000288319	NM_182918.3
2099	ESR1	ENST00000206249	NM_001122740.1	ENST00000206249	NM_001122740.1
2115	ETV1	ENST00000405192	NM_001163147.1	ENST00000405192	NM_001163147.1
2118	ETV4	ENST00000319349	NM_001079675.2	ENST00000319349	NM_001079675.2
2119	ETV5	ENST00000306376	NM_004454.2	ENST00000306376	NM_004454.2
2120	ETV6	ENST00000396373	NM_001987.4	ENST00000396373	NM_001987.4
2122	MECOM	ENST00000468789	NM_001105078.3	ENST00000468789	NM_001105078.3
2130	EWSR1	ENST00000397938	NM_005243.3	ENST00000397938	NM_005243.3
2131	EXT1	ENST00000378204	NM_000127	ENST00000378204	NM_000127
2145	EZH1	ENST00000428826	NM_001991.3	ENST00000428826	NM_001991.3
2146	EZH2	ENST00000320356	NM_004456.4	ENST00000320356	NM_004456.4
2175	FANCA	ENST00000389301	NM_000135.2	ENST00000389301	NM_000135.2
2176	FANCC	ENST00000289081	NM_000136.2	ENST00000289081	NM_000136.2
2177	FANCD2	ENST00000383807	NM_001018115.1	ENST00000675286	NM_001018115.1
2195	FAT1	ENST00000441802	NM_005245.3	ENST00000441802	NM_005245.3
2242	FES	ENST00000328850	NM_002005	ENST00000328850	NM_002005
2248	FGF3	ENST00000334134	NM_005247.2	ENST00000334134	NM_005247.2
2249	FGF4	ENST00000168712	NM_002007.2	ENST00000168712	NM_002007.2
2260	FGFR1	ENST00000425967	NM_001174067.1	ENST00000425967	NM_001174067.1
2261	FGFR3	ENST00000260795	NM_000142.4	ENST00000440486	NM_000142.4
2263	FGFR2	ENST00000358487	NM_000141.4	ENST00000358487	NM_000141.4
2264	FGFR4	ENST00000292408	NM_213647.1	ENST00000292408	NM_213647.1
2271	FH	ENST00000366560	NM_000143.3	ENST00000366560	NM_000143.3
2272	FHIT	ENST00000468189	NM_001166243	ENST00000468189	NM_001166243
2294	FOXF1	ENST00000262426	NM_001451.2	ENST00000262426	NM_001451.2
2308	FOXO1	ENST00000379561	NM_002015.3	ENST00000379561	NM_002015.3
2309	FOXO3	ENST00000343882	NM_001455	ENST00000343882	NM_001455
2313	FLI1	ENST00000527786	NM_002017.4	ENST00000527786	NM_002017.4
2321	FLT1	ENST00000282397	NM_002019.4	ENST00000282397	NM_002019.4
2322	FLT3	ENST00000241453	NM_004119.2	ENST00000241453	NM_004119.2
2324	FLT4	ENST00000261937	NM_182925.4	ENST00000261937	NM_182925.4
2346	FOLH1	ENST00000256999	NM_004476	ENST00000256999	NM_004476
2475	MTOR	ENST00000361445	NM_004958.3	ENST00000361445	NM_004958.3
2521	FUS	ENST00000254108	NM_004960	ENST00000254108	NM_004960
2534	FYN	ENST00000368678	NM_153047.3	ENST00000368678	NM_153047.3
2549	GAB1	ENST00000262994	NM_002039.3	ENST00000262994	NM_002039.3
2623	GATA1	ENST00000376670	NM_002049.3	ENST00000376670	NM_002049.3
2624	GATA2	ENST00000341105	NM_032638.4	ENST00000341105	NM_032638.4
2625	GATA3	ENST00000346208	NM_002051.2	ENST00000346208	NM_002051.2
2627	GATA6	ENST00000269216	NM_005257	ENST00000269216	NM_005257
2735	GLI1	ENST00000228682	NM_005269.2	ENST00000228682	NM_005269.2
2767	GNA11	ENST00000078429	NM_002067.2	ENST00000078429	NM_002067.2
2768	GNA12	ENST00000275364	NM_007353.2	ENST00000275364	NM_007353.2
2776	GNAQ	ENST00000286548	NM_002072.3	ENST00000286548	NM_002072.3
2778	GNAS	ENST00000371085	NM_000516.4	ENST00000371085	NM_000516.4
2782	GNB1	ENST00000378609	NM_001282539.1	ENST00000378609	NM_001282539.1
2874	GPS2	ENST00000380728	NM_004489.4	ENST00000380728	NM_004489.4
2903	GRIN2A	ENST00000330684	NM_001134407.1	ENST00000330684	NM_001134407.1
2909	ARHGAP35	ENST00000404338	NM_004491.4	ENST00000404338	NM_004491.4
2913	GRM3	ENST00000361669	NM_000840	ENST00000361669	NM_000840
2932	GSK3B	ENST00000316626	NM_002093.3	ENST00000316626	NM_002093.3
2956	MSH6	ENST00000234420	NM_000179.2	ENST00000234420	NM_000179.2
2969	GTF2I	ENST00000324896	NM_032999.3	ENST00000573035	NM_032999.3
3006	H1-2	ENST00000343677	NM_005319.3	ENST00000343677	NM_005319.3
3007	H1-3	ENST00000244534	NM_005320.2	ENST00000244534	NM_005320.2
3008	H1-4	ENST00000304218	NM_005321.2	ENST00000304218	NM_005321.2
3009	H1-5	ENST00000331442	NM_005322.2	ENST00000331442	NM_005322.2
3017	H2BC5	ENST00000289316	NM_021063.3	ENST00000289316	NM_021063.3
3020	H3-3A	ENST00000366813	NM_002107.4	ENST00000366815	NM_002107.4
3021	H3-3B	ENST00000254810	NM_005324.3	ENST00000254810	NM_005324.3
3065	HDAC1	ENST00000373548	NM_004964.2	ENST00000373548	NM_004964.2
3066	HDAC2	ENST00000519065	NM_001527.3	ENST00000519065	NM_001527.3
3082	HGF	ENST00000222390	NM_000601.4	ENST00000222390	NM_000601.4
3084	NRG1	ENST00000405005	NM_013964.3	ENST00000405005	NM_013964.3
3091	HIF1A	ENST00000337138	NM_001530.3	ENST00000337138	NM_001530.3
3105	HLA-A	ENST00000376809	NM_001242758.1	ENST00000376809	NM_001242758.1
3106	HLA-B	ENST00000412585	NM_005514.6	ENST00000412585	NM_005514.6
3107	HLA-C	ENST00000376228	NM_002117.5	ENST00000376228	NM_002117.5
3159	HMGA1	ENST00000311487	NM_145899	ENST00000311487	NM_145899
3169	FOXA1	ENST00000250448	NM_004496.3	ENST00000250448	NM_004496.3
3195	TLX1	ENST00000370196	NM_005521.3	ENST00000370196	NM_005521.3
3265	HRAS	ENST00000451590	NM_005343.2	ENST00000451590	NM_005343.2
3294	HSD17B2	ENST00000199936	NM_002153	ENST00000199936	NM_002153
3337	DNAJB1	ENST00000254322	NM_006145.1	ENST00000254322	NM_006145.1
3394	IRF8	ENST00000268638	NM_002163.2	ENST00000268638	NM_002163.2
3397	ID1	ENST00000376112	NM_002165	ENST00000376112	NM_002165
3399	ID3	ENST00000374561	NM_002167.4	ENST00000374561	NM_002167.4
3417	IDH1	ENST00000345146	NM_005896.2	ENST00000345146	NM_005896.2
3418	IDH2	ENST00000330062	NM_002168.2	ENST00000330062	NM_002168.2
3454	IFNAR1	ENST00000270139	NM_000629	ENST00000270139	NM_000629
3459	IFNGR1	ENST00000367739	NM_000416.2	ENST00000367739	NM_000416.2
3479	IGF1	ENST00000307046	NM_001111285.1	ENST00000307046	NM_001111285.1
3480	IGF1R	ENST00000268035	NM_000875.3	ENST00000650285	NM_000875.3
3481	IGF2	ENST00000434045	NM_001127598.1	ENST00000434045	NM_001127598.1
3562	IL3	ENST00000296870	NM_000588.3	ENST00000296870	NM_000588.3
3572	IL6ST	ENST00000336909	NM_002184.3	ENST00000336909	NM_002184.3
3575	IL7R	ENST00000303115	NM_002185.3	ENST00000303115	NM_002185.3
3586	IL10	ENST00000423557	NM_000572.2	ENST00000423557	NM_000572.2
3621	ING1	ENST00000375774	NM_005537	ENST00000375774	NM_005537
3623	INHA	ENST00000243786	NM_002191.3	ENST00000243786	NM_002191.3
3624	INHBA	ENST00000242208	NM_002192.2	ENST00000242208	NM_002192.2
3631	INPP4A	ENST00000074304	NM_001134224.1	ENST00000074304	NM_001134224.1
3636	INPPL1	ENST00000298229	NM_001567.3	ENST00000298229	NM_001567.3
3643	INSR	ENST00000302850	NM_000208.2	ENST00000302850	NM_000208.2
3646	EIF3E	ENST00000220849	NM_001568	ENST00000220849	NM_001568
3659	IRF1	ENST00000245414	NM_002198.2	ENST00000245414	NM_002198.2
3662	IRF4	ENST00000380956	NM_002460.3	ENST00000380956	NM_002460.3
3667	IRS1	ENST00000305123	NM_005544.2	ENST00000305123	NM_005544.2
3707	ITPKB	ENST00000272117	NM_002221	ENST00000272117	NM_002221
3716	JAK1	ENST00000342505	NM_002227.2	ENST00000342505	NM_002227.2
3717	JAK2	ENST00000381652	NM_004972.3	ENST00000381652	NM_004972.3
3718	JAK3	ENST00000458235	NM_000215.3	ENST00000458235	NM_000215.3
3720	JARID2	ENST00000341776	NM_004973.3	ENST00000341776	NM_004973.3
3725	JUN	ENST00000371222	NM_002228.3	ENST00000371222	NM_002228.3
3791	KDR	ENST00000263923	NM_002253.2	ENST00000263923	NM_002253.2
3815	KIT	ENST00000288135	NM_000222.2	ENST00000288135	NM_000222.2
3845	KRAS	ENST00000311936	NM_004985.3	ENST00000311936	NM_004985.3
3932	LCK	ENST00000336890	NM_001042771.2	ENST00000336890	NM_001042771.2
4004	LMO1	ENST00000335790	NM_002315.2	ENST00000335790	NM_002315.2
4005	LMO2	ENST00000395833	NM_001142315.1	ENST00000395833	NM_001142315.1
4040	LRP6	ENST00000261349	NM_002336.2	ENST00000261349	NM_002336.2
4041	LRP5	ENST00000294304	NM_001291902.1	ENST00000294304	NM_001291902.1
4050	LTB	ENST00000376117	NM_002341.1	ENST00000376117	NM_002341.1
4058	LTK	ENST00000263800	NM_002344	ENST00000263800	NM_002344
4067	LYN	ENST00000519728	NM_002350.3	ENST00000519728	NM_002350.3
4068	SH2D1A	ENST00000371139	NM_002351.4	ENST00000371139	NM_002351.4
4072	EPCAM	ENST00000263735	NM_002354.2	ENST00000263735	NM_002354.2
4087	SMAD2	ENST00000262160	NM_001003652.3	ENST00000262160	NM_001003652.3
4088	SMAD3	ENST00000327367	NM_005902.3	ENST00000327367	NM_005902.3
4089	SMAD4	ENST00000342988	NM_005359.5	ENST00000342988	NM_005359.5
4094	MAF	ENST00000393350	NM_001031804.2	ENST00000393350	NM_001031804.2
4149	MAX	ENST00000358664	NM_002382.4	ENST00000358664	NM_002382.4
4170	MCL1	ENST00000369026	NM_021960.4	ENST00000369026	NM_021960.4
4193	MDM2	ENST00000462284	NM_002392.5	ENST00000258149	NM_002392.5
4194	MDM4	ENST00000367182	NM_002393.4	ENST00000367182	NM_002393.4
4208	MEF2C	ENST00000437473	NM_001193350	ENST00000437473	NM_001193350
4209	MEF2D	ENST00000348159	NM_005920.3	ENST00000348159	NM_005920.3
4214	MAP3K1	ENST00000399503	NM_005921.1	ENST00000399503	NM_005921.1
4221	MEN1	ENST00000312049	NM_130799.2	ENST00000312049	NM_130799.2
4233	MET	ENST00000397752	NM_000245.2	ENST00000397752	NM_000245.2
4261	CIITA	ENST00000324288	NM_001286402	ENST00000324288	NM_000246.3
4286	MITF	ENST00000394351	NM_000248.3	ENST00000394351	""
4288	MKI67	ENST00000368654	NM_002417	ENST00000368654	NM_002417
4292	MLH1	ENST00000231790	NM_000249.3	ENST00000231790	NM_000249.3
4297	KMT2A	ENST00000534358	NM_001197104.1	ENST00000534358	NM_001197104.1
4298	MLLT1	ENST00000252674	NM_005934.3	ENST00000252674	NM_005934.3
4300	MLLT3	ENST00000380338	NM_004529	ENST00000380338	NM_004529
4352	MPL	ENST00000372470	NM_005373.2	ENST00000372470	NM_005373.2
4361	MRE11	ENST00000323929	NM_005591.3	ENST00000323929	NM_005591.3
4436	MSH2	ENST00000233146	NM_000251.2	ENST00000233146	NM_000251.2
4437	MSH3	ENST00000265081	NM_002439.4	ENST00000265081	NM_002439.4
4440	MSI1	ENST00000257552	NM_002442.3	ENST00000257552	NM_002442.3
4485	MST1	ENST00000449682	NM_020998.3	ENST00000449682	NM_020998.3
4486	MST1R	ENST00000296474	NM_002447.2	ENST00000296474	NM_002447.2
4507	MTAP	ENST00000380172	NM_002451.3	ENST00000644715	NM_002451.3
4595	MUTYH	ENST00000372115	NM_001048171.1	ENST00000372115	NM_001048171.1
4603	MYBL1	ENST00000522677	NM_001080416	ENST00000522677	NM_001080416
4609	MYC	ENST00000377970	NM_002467.4	ENST00000621592	NM_002467.4
4610	MYCL	ENST00000397332	NM_001033082.2	ENST00000397332	NM_001033082.2
4613	MYCN	ENST00000281043	NM_005378.4	ENST00000281043	NM_005378.4
4615	MYD88	ENST00000396334	NM_002468.4	ENST00000396334	NM_002468.5
4629	MYH11	ENST00000300036	NM_002474	ENST00000300036	NM_002474
4654	MYOD1	ENST00000250003	NM_002478.4	ENST00000250003	NM_002478.4
4683	NBN	ENST00000265433	NM_002485.4	ENST00000265433	NM_002485.4
4763	NF1	ENST00000356175	NM_000267.3	ENST00000356175	NM_000267.3
4771	NF2	ENST00000338641	NM_000268.3	ENST00000338641	NM_000268.3
4778	NFE2	ENST00000312156	NM_001136023.2	ENST00000312156	NM_001136023.2
4780	NFE2L2	ENST00000397062	NM_006164.4	ENST00000397062	NM_006164.4
4792	NFKBIA	ENST00000216797	NM_020529.2	ENST00000216797	NM_020529.2
4796	TONSL	ENST00000409379	NM_013432	ENST00000409379	NM_013432
4824	NKX3-1	ENST00000380871	NM_006167.3	ENST00000380871	NM_006167.3
4851	NOTCH1	ENST00000277541	NM_017617.3	ENST00000651671	NM_017617.5
4853	NOTCH2	ENST00000256646	NM_024408.3	ENST00000256646	NM_024408.3
4854	NOTCH3	ENST00000263388	NM_000435.2	ENST00000263388	NM_000435.2
4855	NOTCH4	ENST00000375023	NM_004557.3	ENST00000375023	NM_004557.3
4869	NPM1	ENST00000296930	NM_002520.6	ENST00000296930	NM_002520.6
4893	NRAS	ENST00000369535	NM_002524.4	ENST00000369535	NM_002524.4
4913	NTHL1	ENST00000219066	NM_002528.5	ENST00000219066	NM_002528.5
4914	NTRK1	ENST00000524377	NM_002529.3	ENST00000524377	NM_002529.3
4915	NTRK2	ENST00000277120	NM_006180.3	ENST00000277120	NM_006180.3
4916	NTRK3	ENST00000360948	NM_001012338.2	ENST00000360948	NM_001012338.2
4921	DDR2	ENST00000367921	NM_006182.2	ENST00000367921	NM_006182.2
4928	NUP98	ENST00000359171	XM_005252950.1	ENST00000355260	NM_139132.4
5045	FURIN	ENST00000268171	NM_001289823.1	ENST00000268171	NM_001289823.1
5058	PAK1	ENST00000356341	NM_002576.4	ENST00000356341	NM_002576.4
5071	PRKN	ENST00000366898	NM_004562.2	ENST00000366898	NM_004562.2
5079	PAX5	ENST00000358127	NM_016734.2	ENST00000358127	NM_016734.2
5093	PCBP1	ENST00000303577	NM_006196.3	ENST00000303577	NM_006196.3
5133	PDCD1	ENST00000334409	NM_005018.2	ENST00000334409	NM_005018.2
5155	PDGFB	ENST00000331163	NM_002608.2	ENST00000331163	NM_002608.2
5156	PDGFRA	ENST00000257290	NM_006206.4	ENST00000257290	NM_006206.4
5159	PDGFRB	ENST00000261799	NM_002609.3	ENST00000261799	NM_002609.3
5170	PDPK1	ENST00000342085	NM_002613.4	ENST00000342085	NM_002613.4
5241	PGR	ENST00000325455	NM_000926.4	ENST00000325455	NM_000926.4
5277	PIGA	ENST00000333590	NM_002641.3	ENST00000333590	NM_002641.3
5288	PIK3C2G	ENST00000266497	NM_004570.4	ENST00000433979	NM_004570.4
5289	PIK3C3	ENST00000262039	NM_002647.2	ENST00000262039	NM_002647.2
5290	PIK3CA	ENST00000263967	NM_006218.2	ENST00000263967	NM_006218.2
5291	PIK3CB	ENST00000289153	NM_006219.2	ENST00000289153	NM_006219.2
5292	PIM1	ENST00000373509	NM_002648.3	ENST00000373509	NM_002648.3
5293	PIK3CD	ENST00000377346	NM_005026.3	ENST00000377346	NM_005026.3
5294	PIK3CG	ENST00000359195	NM_002649.2	ENST00000359195	NM_002649.2
5295	PIK3R1	ENST00000274335	NM_181523.2	ENST00000521381	NM_181523.2
5296	PIK3R2	ENST00000222254	NM_005027.3	ENST00000222254	NM_005027.3
5335	PLCG1	ENST00000373271	NM_182811.1	ENST00000373271	NM_182811.1
5336	PLCG2	ENST00000359376	NM_002661.3	ENST00000564138	NM_002661.3
5366	PMAIP1	ENST00000316660	NM_021127.2	ENST00000316660	NM_021127.2
5378	PMS1	ENST00000441310	NM_000534.4	ENST00000441310	NM_000534.4
5395	PMS2	ENST00000265849	NM_000535.5	ENST00000265849	NM_000535.5
5424	POLD1	ENST00000440232	NM_002691.3	ENST00000440232	NM_002691.3
5426	POLE	ENST00000320574	NM_006231.2	ENST00000320574	NM_006231.2
5428	POLG	ENST00000268124	NM_001126131	ENST00000268124	NM_001126131
5456	POU3F4	ENST00000373200	NM_000307	ENST00000644024	NM_000307
5468	PPARG	ENST00000287820	NM_015869.4	ENST00000287820	NM_015869.4
5518	PPP2R1A	ENST00000322088	NM_014225.5	ENST00000322088	NM_014225.5
5520	PPP2R2A	ENST00000380737	NM_002717.3	ENST00000380737	NM_002717.3
5537	PPP6C	ENST00000373547	NM_002721.4	ENST00000373547	NM_002721.4
5566	PRKACA	ENST00000308677	NM_002730.3	ENST00000308677	NM_002730.3
5573	PRKAR1A	ENST00000358598	NM_212471.2	ENST00000358598	NM_212471.2
5584	PRKCI	ENST00000295797	NM_002740.5	ENST00000295797	NM_002740.5
5587	PRKD1	ENST00000331968	NM_002742.2	ENST00000331968	NM_002742.2
5594	MAPK1	ENST00000215832	NM_002745.4	ENST00000215832	NM_002745.4
5595	MAPK3	ENST00000263025	NM_002746.2	ENST00000263025	NM_002746.2
5604	MAP2K1	ENST00000307102	NM_002755.3	ENST00000307102	NM_002755.3
5605	MAP2K2	ENST00000262948	NM_030662.3	ENST00000262948	NM_030662.3
5644	PRSS1	ENST00000311737	NM_002769.4	ENST00000311737	NM_002769.4
5649	RELN	ENST00000428762	NM_005045.3	ENST00000428762	NM_005045.3
5690	PSMB2	ENST00000373237	NM_002794	ENST00000373237	NM_002794
5727	PTCH1	ENST00000331920	NM_000264.3	ENST00000331920	NM_000264.3
5728	PTEN	ENST00000371953	NM_000314.4	ENST00000371953	NM_000314.4
5770	PTPN1	ENST00000371621	NM_001278618.1	ENST00000371621	NM_001278618.1
5771	PTPN2	ENST00000309660	NM_002828.3	ENST00000309660	NM_002828.3
5781	PTPN11	ENST00000351677	NM_002834.3	ENST00000351677	NM_002834.3
5783	PTPN13	ENST00000411767	NM_080683	ENST00000411767	NM_080683
5784	PTPN14	ENST00000366956	NM_005401	ENST00000366956	NM_005401
5789	PTPRD	ENST00000356435	NM_002839.3	ENST00000356435	NM_002839.3
5802	PTPRS	ENST00000357368	NM_002850.3	ENST00000587303	NM_002850.3
5879	RAC1	ENST00000356142	NM_018890.3	ENST00000356142	NM_018890.3
5880	RAC2	ENST00000249071	NM_002872.4	ENST00000249071	NM_002872.4
5884	RAD17	ENST00000380774	NM_133339	ENST00000380774	NM_133339
5885	RAD21	ENST00000297338	NM_006265.2	ENST00000297338	NM_006265.2
5888	RAD51	ENST00000267868	NM_002875.4	ENST00000267868	NM_002875.4
5889	RAD51C	ENST00000337432	NM_058216.2	ENST00000337432	NM_058216.2
5890	RAD51B	ENST00000487270	NM_133509.3	ENST00000487270	NM_133509.3
5892	RAD51D	ENST00000345365	NM_002878.3	ENST00000345365	NM_002878.3
5893	RAD52	ENST00000358495	NM_134424.2	ENST00000358495	NM_134424.2
5894	RAF1	ENST00000251849	NM_002880.3	ENST00000251849	NM_002880.3
5914	RARA	ENST00000254066	NM_000964.3	ENST00000254066	NM_000964.3
5921	RASA1	ENST00000274376	NM_002890.2	ENST00000274376	NM_002890.2
5925	RB1	ENST00000267163	NM_000321.2	ENST00000267163	NM_000321.2
5926	ARID4A	ENST00000355431	NM_002892.3	ENST00000355431	NM_002892.3
5927	KDM5A	ENST00000399788	NM_001042603.1	ENST00000399788	NM_001042603.1
5965	RECQL	ENST00000421138	NM_002907.3	ENST00000421138	NM_002907.3
5966	REL	ENST00000295025	NM_002908.2	ENST00000295025	NM_002908.2
5976	UPF1	ENST00000262803	NM_002911.3	ENST00000262803	NM_002911.3
5978	REST	ENST00000309042	NM_001193508.1	ENST00000309042	NM_001193508.1
5979	RET	ENST00000355710	NM_020975.4	ENST00000355710	NM_020975.4
5980	REV3L	ENST00000358835	NM_002912	ENST00000358835	NM_002912
5987	TRIM27	ENST00000377199	NM_006510	ENST00000377199	NM_006510
6009	RHEB	ENST00000262187	NM_005614.3	ENST00000262187	NM_005614.3
6016	RIT1	ENST00000368323	NM_006912.5	ENST00000368323	NM_006912.5
6091	ROBO1	ENST00000464233	NM_002941.3	ENST00000464233	NM_002941.3
6098	ROS1	ENST00000368508	NM_002944.2	ENST00000368508	NM_002944.2
6125	RPL5	ENST00000370321	NM_000969	ENST00000370321	NM_000969
6199	RPS6KB2	ENST00000312629	NM_003952.2	ENST00000312629	NM_003952.2
6237	RRAS	ENST00000246792	NM_006270.3	ENST00000246792	NM_006270.3
6256	RXRA	ENST00000481739	NM_002957.4	ENST00000481739	NM_002957.4
6311	ATXN2	ENST00000377617	NM_002973.3	ENST00000550104	NM_002973.3
6314	ATXN7	ENST00000295900	NM_000333.3	ENST00000295900	NM_000333.3
6317	SERPINB3	ENST00000283752	NM_006919.2	ENST00000283752	NM_006919.2
6318	SERPINB4	ENST00000341074	NM_002974.3	ENST00000341074	NM_002974.3
6389	SDHA	ENST00000264932	NM_004168.2	ENST00000264932	NM_004168.2
6390	SDHB	ENST00000375499	NM_003000.2	ENST00000375499	NM_003000.2
6391	SDHC	ENST00000367975	NM_003001.3	ENST00000367975	NM_003001.3
6392	SDHD	ENST00000375549	NM_003002.3	ENST00000375549	NM_003002.3
6416	MAP2K4	ENST00000353533	NM_003010.3	ENST00000353533	NM_003010.3
6418	SET	ENST00000372692	NM_001122821	ENST00000372692	NM_001122821
6422	SFRP1	ENST00000220772	NM_003012.4	ENST00000220772	NM_003012.4
6423	SFRP2	ENST00000274063	NM_003013.2	ENST00000274063	NM_003013.2
6427	SRSF2	ENST00000359995	NM_003016.4	ENST00000359995	NM_003016.4
6446	SGK1	ENST00000237305	NM_005627.3	ENST00000237305	NM_005627.3
6447	SCG5	ENST00000300175	NM_001144757.1	ENST00000300175	NM_001144757.1
6595	SMARCA2	ENST00000349721	NM_001289396.1	ENST00000349721	NM_001289396.1
6597	SMARCA4	ENST00000358026	NM_001128849.1	ENST00000646693	NM_001128849.3
6598	SMARCB1	ENST00000263121	NM_003073.3	ENST00000618915	NM_003073.3
6602	SMARCD1	ENST00000394963	NM_003076.4	ENST00000394963	NM_003076.4
6605	SMARCE1	ENST00000348513	NM_003079.4	ENST00000348513	NM_003079.4
6608	SMO	ENST00000249373	NM_005631.4	ENST00000249373	NM_005631.4
6654	SOS1	ENST00000402219	NM_005633.3	ENST00000402219	NM_005633.3
6657	SOX2	ENST00000325404	NM_003106.3	ENST00000325404	NM_003106.3
6662	SOX9	ENST00000245479	NM_000346.3	ENST00000245479	NM_000346.3
6714	SRC	ENST00000358208	NM_198291.2	ENST00000358208	NM_198291.2
6760	SS18	ENST00000415083	NM_001007559.2	ENST00000415083	NM_001007559.2
6772	STAT1	ENST00000361099	NM_007315.3	ENST00000361099	NM_007315.3
6773	STAT2	ENST00000314128	NM_005419.3	ENST00000314128	NM_005419.3
6774	STAT3	ENST00000264657	NM_139276.2	ENST00000264657	NM_139276.2
6776	STAT5A	ENST00000345506	NM_003152.3	ENST00000345506	NM_003152.3
6777	STAT5B	ENST00000293328	NM_012448.3	ENST00000293328	NM_012448.3
6778	STAT6	ENST00000300134	NM_001178078.1	ENST00000300134	NM_001178078.1
6790	AURKA	ENST00000312783	NM_003600.2	ENST00000312783	NM_003600.2
6794	STK11	ENST00000326873	NM_000455.4	ENST00000326873	NM_000455.4
6850	SYK	ENST00000375746	NM_003177.5	ENST00000375746	NM_003177.5
6885	MAP3K7	ENST00000369329	NM_145331	ENST00000369329	NM_145331
6886	TAL1	ENST00000294339	NM_001287347.2	ENST00000294339	NM_001287347.2
6890	TAP1	ENST00000354258	NM_000593.5	ENST00000354258	NM_000593.5
6891	TAP2	ENST00000374899	NM_018833.2	ENST00000383119	NM_018833.2
6921	ELOC	ENST00000284811	NM_005648.3	ENST00000284811	NM_005648.3
6926	TBX3	ENST00000257566	NM_016569.3	ENST00000257566	NM_016569.3
6927	HNF1A	ENST00000257555	NM_000545.5	ENST00000257555	NM_000545.5
6928	HNF1B	""	""	""	""
6929	TCF3	ENST00000344749	NM_001136139.2	ENST00000588136	NM_001136139.2
6934	TCF7L2	ENST00000543371	NM_001146274.1	ENST00000627217	NM_001146274.1
6955	TRA	""	""	""	""
6957	TRB	""	""	""	""
6964	TRD	""	""	""	""
6965	TRG	""	""	""	""
7010	TEK	ENST00000380036	NM_000459.3	ENST00000380036	NM_000459.3
7015	TERT	ENST00000310581	NM_198253.2	ENST00000310581	NM_198253.2
7030	TFE3	ENST00000315869	NM_006521.5	ENST00000315869	NM_006521.5
7046	TGFBR1	ENST00000374994	NM_004612.2	ENST00000374994	NM_004612.2
7048	TGFBR2	ENST00000295754	NM_003242.5	ENST00000295754	NM_003242.6
7080	NKX2-1	ENST00000354822	NM_001079668.2	ENST00000354822	NM_001079668.2
7088	TLE1	ENST00000376499	NM_001303103.1	ENST00000376499	NM_001303103.1
7089	TLE2	ENST00000262953	NM_003260.4	ENST00000262953	NM_003260.4
7090	TLE3	ENST00000558939	NM_005078.3	ENST00000558939	NM_005078.3
7091	TLE4	ENST00000376552	NM_007005.4	ENST00000376552	NM_007005.4
7113	TMPRSS2	ENST00000398585	NM_001135099.1	ENST00000398585	NM_001135099.1
7128	TNFAIP3	ENST00000237289	NM_006290.3	ENST00000237289	NM_006290.3
7150	TOP1	ENST00000361337	NM_003286.2	ENST00000361337	NM_003286.2
7157	TP53	ENST00000269305	NM_000546.5	ENST00000269305	NM_000546.5
7158	TP53BP1	ENST00000382044	NM_001141980.1	ENST00000382044	NM_001141980.1
7186	TRAF2	ENST00000247668	NM_021138.3	ENST00000247668	NM_021138.3
7187	TRAF3	ENST00000392745	NM_003300.3	ENST00000392745	NM_003300.3
7188	TRAF5	ENST00000261464	NM_001033910.2	ENST00000261464	NM_001033910.2
7248	TSC1	ENST00000298552	NM_000368.4	ENST00000298552	NM_000368.4
7249	TSC2	ENST00000219476	NM_000548.3	ENST00000219476	NM_000548.3
7253	TSHR	ENST00000298171	NM_000369.2	ENST00000541158	NM_000369.2
7297	TYK2	ENST00000264818	NM_003331.4	ENST00000264818	NM_003331.4
7307	U2AF1	ENST00000291552	NM_006758.2	ENST00000291552	NM_006758.2
7319	UBE2A	ENST00000371558	NM_003336	ENST00000371558	NM_003336
7403	KDM6A	ENST00000377967	NM_021140.2	ENST00000377967	NM_021140.2
7409	VAV1	ENST00000602142	NM_005428.3	ENST00000602142	NM_005428.3
7410	VAV2	ENST00000371850	NM_001134398.1	ENST00000371850	NM_001134398.1
7422	VEGFA	ENST00000523873	NM_001171623.1	ENST00000523873	NM_001171623.1
7428	VHL	ENST00000256474	NM_000551.3	ENST00000256474	NM_000551.3
7468	NSD2	ENST00000382891	NM_001042424.2	ENST00000382891	NM_001042424.2
7490	WT1	ENST00000332351	NM_024426.4	ENST00000452863	NM_024426.4
7494	XBP1	ENST00000216037	NM_005080.3	ENST00000216037	NM_005080.3
7508	XPC	ENST00000285021	NM_004628	ENST00000285021	NM_004628
7514	XPO1	ENST00000401558	NM_003400.3	ENST00000401558	NM_003400.3
7515	XRCC1	ENST00000262887	NM_006297	ENST00000262887	NM_006297
7516	XRCC2	ENST00000359321	NM_005431.1	ENST00000359321	NM_005431.1
7525	YES1	ENST00000314574	NM_005433.3	ENST00000314574	NM_005433.3
7528	YY1	ENST00000262238	NM_003403.4	ENST00000262238	NM_003403.4
7803	PTP4A1	ENST00000370651	NM_003463.4	ENST00000626021	NM_003463.4
7812	CSDE1	ENST00000438362	NM_001242891.1	ENST00000438362	NM_001242891.1
7832	BTG2	ENST00000290551	NM_006763	ENST00000290551	NM_006763
7849	PAX8	ENST00000263334	NM_003466.3	ENST00000348715	NM_003466.3
7852	CXCR4	ENST00000241393	NM_003467.2	ENST00000241393	NM_003467.2
7913	DEK	ENST00000397239	NM_003472.3	ENST00000652689	NM_003472.4
7994	KAT6A	ENST00000265713	NM_006766.4	ENST00000265713	NM_006766.4
8013	NR4A3	ENST00000395097	NM_006981.3	ENST00000395097	NM_006981.3
8019	BRD3	ENST00000303407	NM_007371	ENST00000303407	NM_007371
8021	NUP214	ENST00000359428	NM_005085	ENST00000359428	NM_005085
8028	MLLT10	ENST00000307729	NM_001195626.1	ENST00000307729	NM_001195626.1
8036	SHOC2	ENST00000369452	NM_007373.3	ENST00000369452	NM_007373.3
8085	KMT2D	ENST00000301067	NM_003482.3	ENST00000301067	NM_003482.3
8091	HMGA2	ENST00000403681	NM_003483	ENST00000403681	NM_003483
8115	TCL1A	ENST00000402399	NM_001098725.1	ENST00000402399	NM_001098725.1
8202	NCOA3	ENST00000371998	NM_181659.2	ENST00000371998	NM_181659.2
8216	LZTR1	ENST00000215739	NM_006767.3	ENST00000646124	NM_006767.3
8218	CLTCL1	ENST00000427926	NM_007098	ENST00000427926	NM_007098
8233	ZRSR2	ENST00000307771	NM_005089.3	ENST00000307771	NM_005089.3
8241	RBM10	ENST00000329236	NM_001204468.1	ENST00000628161	NM_001204468.1
8242	KDM5C	ENST00000375401	NM_004187.3	ENST00000375401	NM_004187.3
8243	SMC1A	ENST00000322213	NM_006306.3	ENST00000322213	NM_006306.3
8284	KDM5D	ENST00000317961	NM_004653	ENST00000317961	NM_004653
8289	ARID1A	ENST00000324856	NM_006015.4	ENST00000324856	NM_006015.4
8290	H3-4	ENST00000366696	NM_003493.2	ENST00000366696	NM_003493.2
8312	AXIN1	ENST00000262320	NM_003502.3	ENST00000262320	NM_003502.3
8313	AXIN2	ENST00000307078	NM_004655.3	ENST00000307078	NM_004655.3
8314	BAP1	ENST00000460680	NM_004656.3	ENST00000460680	NM_004656.3
8332	H2AC16	ENST00000357320	NM_003511	ENST00000613174	NM_003511.3
8334	H2AC6	ENST00000314088	NM_003512.3	ENST00000314088	NM_003512.3
8336	H2AC17	ENST00000359611	NM_003514	ENST00000359611	NM_003514
8339	H2BC8	ENST00000244601	NM_003518	ENST00000541790	NM_003518.3
8347	H2BC4	ENST00000314332	NM_003518.3	ENST00000314332	NM_003518.3
8348	H2BC17	""	""	ENST00000616182	NM_003527.4
8350	H3C1	ENST00000357647	NM_003529.2	ENST00000613854	NM_003529.2
8351	H3C4	ENST00000356476	NM_003530.4	ENST00000356476	NM_003530.4
8352	H3C3	ENST00000540144	NM_003531.2	ENST00000612966	NM_003531.2
8353	H3C6	ENST00000360408	NM_003532.2	ENST00000634733	NM_003532.2
8354	H3C11	ENST00000328488	NM_003533.2	ENST00000616365	NM_003533.2
8355	H3C8	ENST00000305910	NM_003534.2	ENST00000614378	NM_003534.2
8356	H3C12	ENST00000359303	NM_003535.2	ENST00000359303	NM_003535.2
8357	H3C10	ENST00000369163	NM_003536.2	ENST00000369163	NM_003536.2
8358	H3C2	ENST00000244661	NM_003537.3	ENST00000621411	NM_003537.3
8361	H4C6	""	""	""	""
8405	SPOP	ENST00000347630	NM_001007228.1	ENST00000347630	NM_001007228.1
8438	RAD54L	ENST00000371975	NM_001142548.1	ENST00000371975	NM_001142548.1
8451	CUL4A	ENST00000375440	NM_001008895	ENST00000375440	NM_001008895
8452	CUL3	ENST00000264414	NM_003590.4	ENST00000264414	NM_003590.4
8493	PPM1D	ENST00000305921	NM_003620.3	ENST00000305921	NM_003620.3
8503	PIK3R3	ENST00000262741	NM_003629.3	ENST00000262741	NM_003629.3
8549	LGR5	ENST00000266674	NM_003667	ENST00000266674	NM_003667
8626	TP63	ENST00000264731	NM_003722.4	ENST00000264731	NM_003722.4
8651	SOCS1	ENST00000332029	NM_003745.1	ENST00000332029	NM_003745.1
8660	IRS2	ENST00000375856	NM_003749.2	ENST00000375856	NM_003749.2
8726	EED	ENST00000263360	NM_003797.3	ENST00000263360	NM_003797.3
8741	TNFSF13	ENST00000338784	NM_003808	ENST00000338784	NM_003808
8764	TNFRSF14	ENST00000355716	NM_003820.2	ENST00000355716	NM_003820.2
8821	INPP4B	ENST00000262992	NM_001101669.1	ENST00000262992	NM_001101669.1
8826	IQGAP1	ENST00000268182	NM_003870	ENST00000268182	NM_003870
8859	STK19	ENST00000375331	NM_004197.1	ENST00000375331	NM_004197.1
8878	SQSTM1	ENST00000389805	NM_003900	ENST00000389805	NM_003900
8880	FUBP1	ENST00000370768	NM_003902.3	ENST00000370768	NM_003902.3
8915	BCL10	ENST00000370580	NM_003921.4	ENST00000648566	NM_003921.4
8929	PHOX2B	ENST00000226382	NM_003924.3	ENST00000226382	NM_003924.3
8930	MBD4	ENST00000249910	NM_003925	ENST00000249910	NM_003925
8968	H3C7	ENST00000446824	NM_021018.2	ENST00000618052	NM_021018.2
8969	H2AC11	ENST00000358739	NM_003509.2	ENST00000358739	NM_003509.2
8970	H2BC11	ENST00000339812	NM_021058.3	ENST00000339812	NM_021058.3
8972	MGAM	ENST00000549489	NM_004668.2	ENST00000549489	NM_004668.2
8986	RPS6KA4	ENST00000334205	NM_003942.2	ENST00000334205	NM_003942.2
9020	MAP3K14	ENST00000344686	NM_003954.3	ENST00000344686	NM_003954.3
9021	SOCS3	ENST00000330871	NM_003955.4	ENST00000330871	NM_003955.4
9101	USP8	ENST00000307179	NM_001128610.2	ENST00000307179	NM_001128610.2
9113	LATS1	ENST00000253339	NM_004690.3	ENST00000253339	NM_004690.3
9126	SMC3	ENST00000361804	NM_005445.3	ENST00000361804	NM_005445.3
9175	MAP3K13	ENST00000265026	NM_004721.4	ENST00000265026	NM_004721.4
9203	ZMYM3	ENST00000314425	NM_005096	ENST00000314425	NM_005096
9212	AURKB	ENST00000585124	NM_004217.3	ENST00000585124	NM_004217.3
9314	KLF4	ENST00000374672	NM_004235.4	ENST00000374672	NM_004235.4
9319	TRIP13	ENST00000166345	NM_004237.3	ENST00000166345	NM_004237.3
9353	SLIT2	ENST00000504154	NM_004787	ENST00000504154	NM_004787
9368	SLC9A3R1	ENST00000262613	NM_004252	ENST00000262613	NM_004252
9401	RECQL4	ENST00000428558	NM_004260.3	ENST00000617875	NM_004260.4
9448	MAP4K4	ENST00000347699	NM_001242559	ENST00000347699	NM_001242559
9611	NCOR1	ENST00000268712	NM_006311.3	ENST00000268712	NM_006311.3
9612	NCOR2	ENST00000405201	NM_006312.6	ENST00000405201	NM_006312.6
9623	TCL1B	ENST00000340722	NM_004918.3	ENST00000340722	NM_004918.3
9641	IKBKE	ENST00000367120	NM_014002.3	ENST00000581977	NM_014002.3
9646	CTR9	ENST00000361367	NM_014633.4	ENST00000361367	NM_014633.4
9656	MDC1	ENST00000376406	NM_014641.2	ENST00000376406	NM_014641.2
9688	NUP93	ENST00000308159	NM_014669.4	ENST00000308159	NM_014669.4
9698	PUM1	ENST00000257075	NM_014676	ENST00000257075	NM_014676
9739	SETD1A	ENST00000262519	NM_014712.2	ENST00000262519	NM_014712.2
9757	KMT2B	ENST00000222270	NM_014727.1	ENST00000420124	NM_014727.3
9759	HDAC4	ENST00000345617	NM_006037.3	ENST00000345617	NM_006037.3
9817	KEAP1	ENST00000171111	NM_203500.1	ENST00000171111	NM_203500.1
9846	GAB2	ENST00000361507	NM_080491.2	ENST00000361507	NM_080491.2
9869	SETDB1	ENST00000271640	NM_001145415.1	ENST00000271640	NM_001145415.1
9935	MAFB	ENST00000373313	NM_005461.4	ENST00000373313	NM_005461.4
9965	FGF19	ENST00000294312	NM_005117.2	ENST00000294312	NM_005117.2
9968	MED12	ENST00000374080	NM_005120.2	ENST00000374080	NM_005120.2
10000	AKT3	ENST00000263826	NM_005465.4	ENST00000263826	NM_005465.4
10018	BCL2L11	ENST00000393256	NM_138621.4	ENST00000393256	NM_138621.4
10019	SH2B3	ENST00000341259	NM_005475.2	ENST00000341259	NM_005475.2
10111	RAD50	ENST00000265335	NM_005732.3	ENST00000378823	NM_005732.3
10274	STAG1	ENST00000383202	NM_005862.2	ENST00000383202	NM_005862.2
10320	IKZF1	ENST00000331340	NM_006060.4	ENST00000331340	NM_006060.6
10365	KLF2	ENST00000248071	NM_016270.2	ENST00000248071	NM_016270.2
10413	YAP1	ENST00000282441	NM_001130145.2	ENST00000282441	NM_001130145.2
10459	MAD2L2	ENST00000235310	NM_001127325.1	ENST00000235310	NM_001127325.1
10461	MERTK	ENST00000295408	NM_006343.2	ENST00000295408	NM_006343.2
10481	HOXB13	ENST00000290295	NM_006361.5	ENST00000290295	NM_006361.5
10498	CARM1	ENST00000327064	NM_199141.1	ENST00000327064	NM_199141.1
10535	RNASEH2A	ENST00000221486	NM_006397	ENST00000221486	NM_006397
10553	HTATIP2	ENST00000421577	NM_001098521	ENST00000421577	NM_001098521
10594	PRPF8	ENST00000304992	NM_006445	ENST00000304992	NM_006445
10620	ARID3B	ENST00000346246	NM_001307939.1	ENST00000346246	NM_001307939.1
10664	CTCF	ENST00000264010	NM_006565.3	ENST00000264010	NM_006565.3
10672	GNA13	ENST00000439174	NM_006572.5	ENST00000439174	NM_006572.5
10735	STAG2	ENST00000218089	NM_001042749.1	ENST00000218089	NM_001042749.1
10769	PLK2	ENST00000274289	NM_006622.3	ENST00000274289	NM_006622.3
10865	ARID5A	ENST00000357485	NM_212481.1	ENST00000357485	NM_212481.1
10892	MALT1	ENST00000348428	NM_006785.3	ENST00000649217	NM_006785.3
10957	PNRC1	ENST00000336032	NM_006813.2	ENST00000336032	NM_006813.2
11021	RAB35	ENST00000229340	NM_006861.6	ENST00000229340	NM_006861.6
11059	WWP1	ENST00000265428	NM_007013.3	ENST00000265428	NM_007013.3
11064	CNTRL	ENST00000238341	NM_007018	ENST00000373855	
11122	PTPRT	ENST00000373198	NM_133170.3	ENST00000373198	NM_133170.3
11143	KAT7	ENST00000259021	NM_007067	ENST00000259021	NM_007067
11167	FSTL1	ENST00000295633	NM_007085	ENST00000295633	NM_007085
11197	WIF1	ENST00000286574	NM_007191.4	ENST00000286574	NM_007191.4
11200	CHEK2	ENST00000328354	NM_007194.3	ENST00000404276	NM_007194.3
11262	SP140	ENST00000392045	NM_007237.4	ENST00000392045	NM_007237.4
11338	U2AF2	ENST00000308924	NM_007279.2	ENST00000308924	NM_007279.2
22800	RRAS2	ENST00000256196	NM_012250.5	ENST00000256196	NM_012250.5
22806	IKZF3	ENST00000346872	NM_012481.4	ENST00000346872	NM_012481.4
22894	DIS3	ENST00000377767	NM_014953.3	ENST00000377767	NM_014953.3
22943	DKK1	ENST00000373970	NM_012242.2	ENST00000373970	NM_012242.2
22978	NT5C2	ENST00000343289	NM_001134373.2	ENST00000343289	NM_001134373.2
23013	SPEN	ENST00000375759	NM_015001.2	ENST00000375759	NM_015001.2
23035	PHLPP2	ENST00000568954	NM_015020	ENST00000568954	NM_015020
23047	PDS5B	ENST00000315596	NM_015032.3	ENST00000315596	NM_015032.3
23049	SMG1	ENST00000446231	NM_015092.4	ENST00000446231	NM_015092.4
23067	SETD1B	ENST00000604567	XM_005253858.3	ENST00000604567	XM_005253858.3
23152	CIC	ENST00000575354	NM_015125.3	ENST00000575354	NM_015125.3
23185	LARP4B	ENST00000316157	NM_015155.2	ENST00000316157	NM_015155.2
23239	PHLPP1	ENST00000262719	NM_194449	ENST00000262719	NM_194449
23269	MGA	ENST00000219905	NM_001164273.1	ENST00000219905	NM_001164273.1
23308	ICOSLG	ENST00000407780	NM_015259.4	ENST00000407780	NM_015259.4
23334	SZT2	ENST00000562955	NM_015284	ENST00000562955	NM_015284
23365	ARHGEF12	ENST00000397843	NM_015313	ENST00000397843	NM_015313
23385	NCSTN	ENST00000294785	NM_015331.2	ENST00000294785	NM_015331.2
23405	DICER1	ENST00000393063	NM_177438.2	ENST00000393063	NM_177438.2
23429	RYBP	ENST00000477973	NM_012234.5	ENST00000477973	NM_012234.5
23451	SF3B1	ENST00000335508	NM_012433.2	ENST00000335508	NM_012433.2
23476	BRD4	ENST00000263377	NM_058243.2	ENST00000263377	NM_058243.2
23512	SUZ12	ENST00000322652	NM_015355.2	ENST00000322652	NM_015355.2
25913	POT1	ENST00000357628	NM_015450.2	ENST00000357628	NM_015450.2
25937	WWTR1	ENST00000360632	NM_001168280.1	ENST00000360632	NM_001168280.1
25939	SAMHD1	ENST00000262878	NM_015474.3	ENST00000646673	NM_015474.3
26040	SETBP1	ENST00000282030	NM_015559.2	ENST00000649279	NM_015559.2
26137	ZBTB20	ENST00000474710	NM_001164342.2	ENST00000474710	NM_001164342.2
26147	PHF19	ENST00000373896	NM_015651	ENST00000373896	NM_015651
26190	FBXW2	ENST00000608872	NM_012164	ENST00000608872	NM_012164
26512	INTS6	ENST00000311234	NM_012141	ENST00000311234	NM_012141
26523	AGO1	ENST00000373204	NM_012199.2	ENST00000373204	NM_012199.2
26524	LATS2	ENST00000382592	NM_014572.2	ENST00000382592	NM_014572.2
26528	DAZAP1	ENST00000233078	NM_018959.3	ENST00000233078	NM_018959.3
26585	GREM1	ENST00000300177	NM_013372.6	ENST00000300177	NM_013372.6
27030	MLH3	ENST00000355774	NM_001040108	ENST00000355774	NM_001040108
27086	FOXP1	ENST00000318789	NM_001244814.1	ENST00000318789	NM_001244814.1
27113	BBC3	ENST00000449228	NM_001127240.2	ENST00000449228	NM_001127240.2
27121	DKK4	ENST00000220812	NM_014420.2	ENST00000220812	NM_014420.2
27122	DKK3	ENST00000326932	NM_001018057.1	ENST00000326932	NM_001018057.1
27123	DKK2	ENST00000285311	NM_014421.2	ENST00000285311	NM_014421.2
27125	AFF4	ENST00000265343	NM_014423	ENST00000265343	NM_014423
27161	AGO2	ENST00000220592	NM_012154.3	ENST00000220592	NM_012154.3
27244	SESN1	ENST00000436639	NM_014454.2	ENST00000436639	NM_014454.2
29072	SETD2	ENST00000409792	NM_014159.6	ENST00000409792	NM_014159.6
29086	BABAM1	ENST00000359435	NM_001033549.1	ENST00000359435	NM_001033549.1
29102	DROSHA	ENST00000344624	NM_013235.4	ENST00000344624	NM_013235.4
29123	ANKRD11	ENST00000301030	NM_013275.5	ENST00000301030	NM_013275.5
29126	CD274	ENST00000381577	NM_014143.3	ENST00000381577	NM_014143.3
30012	TLX3	ENST00000296921	NM_021025.2	ENST00000296921	NM_021025.2
51162	EGFL7	ENST00000308874	NM_201446.2	ENST00000308874	NM_201446.2
51176	LEF1	ENST00000265165	NM_016269	ENST00000265165	NM_016269
51185	CRBN	ENST00000231948	NM_016302.3	ENST00000231948	NM_016302.3
51274	KLF3	ENST00000261438	NM_016531.5	ENST00000261438	NM_016531.5
51295	ECSIT	ENST00000270517	NM_016581	ENST00000270517	NM_016581
51343	FZR1	ENST00000395095	NM_001136198	ENST00000395095	NM_001136198
51366	UBR5	ENST00000520539	NM_015902.5	ENST00000520539	NM_015902.5
51428	DDX41	ENST00000507955	NM_016222.2	ENST00000330503	NM_016222.4
51564	HDAC7	ENST00000427332	XM_011538481.1	ENST00000427332	XM_011538481.1
51684	SUFU	ENST00000369902	NM_016169.3	ENST00000369902	NM_016169.3
51742	ARID4B	ENST00000264183	NM_001206794.1	ENST00000264183	NM_001206794.1
51750	RTEL1	ENST00000360203	NM_001283009.1	ENST00000360203	NM_001283009.2
51755	CDK12	ENST00000447079	NM_016507.2	ENST00000447079	NM_016507.2
53353	LRP1B	ENST00000389484	NM_018557	ENST00000389484	NM_018557
54093	SETD4	ENST00000332131	NM_017438.4	ENST00000332131	NM_017438.4
54165	DCUN1D1	ENST00000292782	NM_020640.2	ENST00000292782	NM_020640.2
54206	ERRFI1	ENST00000377482	NM_018948.3	ENST00000377482	NM_018948.3
54465	ETAA1	ENST00000272342	NM_019002.3	ENST00000272342	NM_019002.3
54514	DDX4	ENST00000505374	NM_024415.2	ENST00000505374	NM_024415.2
54738	FEV	ENST00000295727	NM_017521.2	ENST00000295727	NM_017521.2
54790	TET2	ENST00000380013	NM_001127208.2	ENST00000380013	NM_001127208.2
54855	TENT5C	ENST00000369448	NM_017709.3	ENST00000369448	NM_017709.3
54880	BCOR	ENST00000378444	NM_001123385.1	ENST00000378444	NM_001123385.1
54894	RNF43	ENST00000407977	NM_017763.4	ENST00000407977	NM_017763.4
54904	NSD3	ENST00000317025	NM_023034.1	ENST00000317025	NM_023034.1
54921	CHTF8	ENST00000398235	NM_001039690	ENST00000398235	NM_001039690
54949	SDHAF2	ENST00000301761	NM_017841.2	ENST00000301761	NM_017841.2
55120	FANCL	ENST00000233741	NM_018062.3	ENST00000233741	NM_018062.3
55164	SHQ1	ENST00000325599	NM_018130.2	ENST00000325599	NM_018130.2
55193	PBRM1	ENST00000394830	NM_018313.4	ENST00000394830	NM_018313.4
55209	SETD5	ENST00000402198	NM_001080517.2	ENST00000402198	NM_001080517.2
55252	ASXL2	ENST00000435504	NM_018263.4	ENST00000435504	NM_018263.4
55294	FBXW7	ENST00000281708	NM_033632.3	ENST00000281708	NM_033632.3
55500	ETNK1	ENST00000266517	NM_018638.4	ENST00000671733	NM_018638.4
55654	TMEM127	ENST00000258439	NM_001193304.2	ENST00000258439	NM_001193304.2
55709	KBTBD4	ENST00000395288	NM_016506.5	ENST00000395288	NM_016506.5
55783	CMTR2	ENST00000338099	NM_001099642.1	ENST00000338099	NM_001099642.1
56940	DUSP22	ENST00000344450	NM_020185.4	ENST00000344450	NM_020185.4
57007	ACKR3	ENST00000272928	NM_020311	ENST00000272928	NM_020311
57103	TIGAR	ENST00000179259	NM_020375	ENST00000179259	NM_020375
57105	CYSLTR2	ENST00000282018	NM_020377.2	ENST00000282018	NM_020377.2
57144	PAK5	ENST00000353224	NM_177990.2	ENST00000353224	NM_177990.2
57492	ARID1B	ENST00000346085	NM_020732.3	ENST00000647938	NM_020732.3
57521	RPTOR	ENST00000306801	NM_020761.2	ENST00000306801	NM_020761.2
57634	EP400	ENST00000389561	NM_015409.3	ENST00000389561	NM_015409.3
57697	FANCM	ENST00000267430	NM_020937	ENST00000267430	NM_020937
57761	TRIB3	ENST00000217233	NM_001301188	ENST00000217233	NM_001301188
58508	KMT2C	ENST00000262189	NM_170606.2	ENST00000262189	NM_170606.2
60468	BACH2	ENST00000257749	NM_001170794.1	ENST00000257749	NM_001170794.1
63035	BCORL1	ENST00000218147	""	ENST00000218147	NM_021946.4
63978	PRDM14	ENST00000276594	NM_024504.3	ENST00000276594	NM_024504.3
64109	CRLF2	ENST00000381566	NM_022148.2	ENST00000381566	NM_022148.4
64121	RRAGC	ENST00000373001	NM_022157.3	ENST00000373001	NM_022157.3
64283	ARHGEF28	ENST00000426542	NM_001177693.1	ENST00000426542	NM_001177693.1
64321	SOX17	ENST00000297316	NM_022454.3	ENST00000297316	NM_022454.3
64324	NSD1	ENST00000439151	NM_022455.4	ENST00000439151	NM_022455.4
64326	COP1	ENST00000367669	NM_022457.5	ENST00000367669	NM_022457.5
64754	SMYD3	ENST00000388985	NM_001167740.1	ENST00000490107	NM_001167740.1
64783	RBM15	ENST00000369784	NM_022768.4	ENST00000369784	NM_022768.4
64919	BCL11B	ENST00000357195	NM_138576.3	ENST00000357195	NM_138576.3
65220	NADK	ENST00000341426	NM_001198993.1	ENST00000341426	NM_001198993.1
79109	MAPKAP1	ENST00000265960	NM_001006617.1	ENST00000265960	NM_001006617.1
79577	CDC73	ENST00000367435	NM_024529.4	ENST00000367435	NM_024529.4
79605	PGBD5	ENST00000525115	NM_001258311.1	ENST00000525115	NM_001258311.1
79621	RNASEH2B	ENST00000336617	NM_024570	ENST00000336617	NM_024570
79679	VTCN1	ENST00000369458	NM_024626.3	ENST00000369458	NM_024626.3
79718	TBL1XR1	ENST00000430069	NM_024665.4	ENST00000430069	NM_024665.4
79728	PALB2	ENST00000261584	NM_024675.3	ENST00000261584	NM_024675.3
79755	ZNF750	ENST00000269394	NM_024702.2	ENST00000269394	NM_024702.2
79817	MOB3B	ENST00000262244	NM_024761.4	ENST00000262244	NM_024761.4
79870	BAALC	ENST00000297574		ENST00000297574	
79918	SETD6	ENST00000219315	NM_001160305.1	ENST00000219315	NM_001160305.1
80204	FBXO11	ENST00000403359	NM_001190274.1	ENST00000403359	NM_001190274.1
80243	PREX2	ENST00000288368	NM_024870.2	ENST00000288368	NM_024870.2
80312	TET1	ENST00000373644	NM_030625.2	ENST00000373644	NM_030625.2
80380	PDCD1LG2	ENST00000397747	NM_025239.3	ENST00000397747	NM_025239.3
80381	CD276	ENST00000318443	NM_001024736.1	ENST00000318443	NM_001024736.1
80854	SETD7	ENST00000274031	NM_001306199.1	ENST00000274031	NM_001306199.1
83540	NUF2	ENST00000271452	NM_031423.3	ENST00000271452	NM_031423.3
83667	SESN2	ENST00000253063	NM_031459.4	ENST00000253063	NM_031459.4
83852	SETDB2	ENST00000354234	NM_031915.2	ENST00000317257	NM_031915.2
83931	STK40	ENST00000373129	NM_032017.1	ENST00000373129	NM_032017.1
83932	SPRTN	ENST00000295050	NM_032018.6	ENST00000295050	NM_032018.6
83990	BRIP1	ENST00000259008	NM_032043.2	ENST00000259008	NM_032043.2
84126	ATRIP	ENST00000320211	NM_130384	ENST00000320211	NM_130384
84133	ZNRF3	ENST00000544604	NM_001206998.1	ENST00000544604	NM_001206998.1
84142	ABRAXAS1	ENST00000321945	NM_139076.2	ENST00000321945	NM_139076.2
84159	ARID5B	ENST00000279873	NM_032199.2	ENST00000279873	NM_032199.2
84193	SETD3	ENST00000331768	NM_032233.2	ENST00000331768	NM_032233.2
84231	TRAF7	ENST00000326181	NM_032271.2	ENST00000326181	NM_032271.2
84295	PHF6	ENST00000332070	NM_001015877.1	ENST00000332070	NM_001015877.1
84433	CARD11	ENST00000396946	NM_032415.4	ENST00000396946	NM_032415.4
84444	DOT1L	ENST00000398665	NM_032482.2	ENST00000398665	NM_032482.2
84446	BRSK1	ENST00000309383	NM_032430	ENST00000309383	NM_032430
84464	SLX4	ENST00000294008	NM_032444.2	ENST00000294008	NM_032444.2
84962	AJUBA	ENST00000262713	NM_032876.5	ENST00000262713	NM_032876.5
85236	H2BC12	ENST00000356950	NM_080593.2	ENST00000356950	NM_080593.2
85417	CCNB3	ENST00000276014	NM_033031.2	ENST00000276014	NM_033031.2
89857	KLHL6	ENST00000341319	NM_130446	ENST00000341319	NM_130446
90417	KNSTRN	ENST00000249776	NM_033286.3	ENST00000249776	NM_033286.3
91607	SLFN11	ENST00000308377	NM_001104587.1	ENST00000308377	NM_001104587.1
91748	MIDEAS	ENST00000286523	NM_001043318.2	ENST00000286523	NM_001043318.2
92002	CCNQ	ENST00000576892	NM_152274.4	ENST00000576892	NM_152274.4
114569	MAL2	ENST00000276681	NM_052886.2	ENST00000614891	NM_052886.3
114785	MBD6	ENST00000355673	NM_052897.3	ENST00000355673	NM_052897.3
124540	MSI2	ENST00000284073	NM_138962.2	ENST00000284073	NM_138962.2
124583	CANT1	ENST00000302345	NM_001159772	ENST00000302345	NM_001159772
126961	H3C14	ENST00000369158	NM_021059.2	ENST00000369158	NM_021059.2
137872	ADHFE1	ENST00000396623	NM_144650	ENST00000396623	NM_144650
138715	ARID3C	ENST00000378909	NM_001017363.1	ENST00000378909	NM_001017363.1
139285	AMER1	ENST00000330258	NM_152424.3	ENST00000374869	NM_152424.3
143686	SESN3	ENST00000536441	NM_144665.3	ENST00000536441	NM_144665.3
151987	PPP4R2	ENST00000356692	NM_174907.2	ENST00000356692	NM_174907.2
157570	ESCO2	ENST00000305188	NM_001017420.2	ENST00000305188	NM_001017420.2
160428	ALDH1L2	ENST00000258494	NM_001034173	ENST00000258494	NM_001034173
161742	SPRED1	ENST00000299084	NM_152594.2	ENST00000299084	NM_152594.2
171023	ASXL1	ENST00000375687	NM_015338.5	ENST00000375687	NM_015338.5
196528	ARID2	ENST00000334344	NM_152641.2	ENST00000334344	NM_152641.2
200424	TET3	ENST00000409262	NM_144993	ENST00000409262	NM_144993
201163	FLCN	ENST00000285071	NM_144997.5	ENST00000285071	NM_144997.5
219972	MPEG1	ENST00000361050	NM_001039396.1	ENST00000361050	NM_001039396.1
253260	RICTOR	ENST00000357387	NM_152756.3	ENST00000357387	NM_152756.3
256646	NUTM1	ENST00000333756	XM_011521429.1	ENST00000333756	XM_011521429.1
257194	NEGR1	ENST00000357731	NM_173808.2	ENST00000357731	NM_173808.2
283455	KSR2	ENST00000339824	""	ENST00000339824	""
286530	P2RY8	ENST00000381297	NM_178129.4	ENST00000381297	NM_178129.4
333932	H3C15	ENST00000403683	NM_001005464.2	ENST00000403683	NM_001005464.2
340602	EZHIP	ENST00000342995	NM_203407.2	ENST00000342995	""
345930	ECT2L	ENST00000367682	NM_001077706.2	ENST00000367682	NM_001077706.2
387893	KMT5A	ENST00000330479	NM_020382.3	ENST00000402868	NM_020382.7
440093	H3-5	ENST00000340398	NM_001013699.2	ENST00000340398	NM_001013699.2
440926	H3P6	ENST00000316450		ENST00000369387	""
653604	H3C13	ENST00000331491	NM_001123375.2	ENST00000331491	NM_001123375.2
100271849	MEF2B	ENST00000162023	NM_001145785.1	ENST00000424583	NM_001145785.1
